route_id,rank,city1,city2,route_traffic,route_weight_pct,cumulative_coverage_pct
DELHI_MUMBAI,1,DELHI,MUMBAI,6850869,4.138455344530367,4.138455344530367
BENGALURU_DELHI,2,BENGALURU,DELHI,4681042,2.827711825006597,6.9661671695369645
BENGALURU_MUMBAI,3,BENGALURU,MUMBAI,4114574,2.4855212909144364,9.4516884604514
DELHI_HYDERABAD,4,DELHI,HYDERABAD,3295918,1.9909896776940037,11.442678138145403
DELHI_PUNE,5,DELHI,PUNE,2924045,1.7663495912558391,13.209027729401242
DELHI_KOLKATA,6,DELHI,KOLKATA,2770386,1.673527657310643,14.882555386711887
AHMEDABAD_DELHI,7,AHMEDABAD,DELHI,2537042,1.5325698132890897,16.415125200000976
CHENNAI_DELHI,8,CHENNAI,DELHI,2452761,1.4816575633405995,17.896782763341577
HYDERABAD_MUMBAI,9,HYDERABAD,MUMBAI,2353279,1.4215627323659348,19.31834549570751
BENGALURU_KOLKATA,10,BENGALURU,KOLKATA,2326980,1.405676100012316,20.724021595719826
DELHI_SRINAGAR,11,DELHI,SRINAGAR,2315422,1.3986941730666858,22.122715768786513
BENGALURU_HYDERABAD,12,BENGALURU,HYDERABAD,2293602,1.385513203525792,23.508228972312306
KOLKATA_MUMBAI,13,KOLKATA,MUMBAI,2166364,1.3086515993807772,24.816880571693083
CHENNAI_MUMBAI,14,CHENNAI,MUMBAI,2112927,1.276371513709066,26.093252085402153
AHMEDABAD_MUMBAI,15,AHMEDABAD,MUMBAI,2101443,1.269434288493318,27.36268637389547
BENGALURU_PUNE,16,BENGALURU,PUNE,1881109,1.1363354918469724,28.499021865742446
CHENNAI_HYDERABAD,17,CHENNAI,HYDERABAD,1573825,0.9507121625892286,29.449734028331676
DABOLIM_DELHI,18,DABOLIM,DELHI,1561827,0.9434644415740295,30.393198469905702
DELHI_GUWAHATI,19,DELHI,GUWAHATI,1538643,0.9294595104174723,31.322657980323175
DABOLIM_MUMBAI,20,DABOLIM,MUMBAI,1501390,0.9069558138864499,32.22961379420963
BENGALURU_KOCHI,21,BENGALURU,KOCHI,1485148,0.8971443882547727,33.1267581824644
BENGALURU_CHENNAI,22,BENGALURU,CHENNAI,1474948,0.8909827984602211,34.01774098092462
DELHI_LUCKNOW,23,DELHI,LUCKNOW,1439073,0.8693115206288938,34.88705250155352
DELHI_PATNA,24,DELHI,PATNA,1351643,0.8164970308506934,35.70354953240421
AMRITSAR_DELHI,25,AMRITSAR,DELHI,1277640,0.7717934887363601,36.475343021140574
JAIPUR_MUMBAI,26,JAIPUR,MUMBAI,1205825,0.7284116680407012,37.203754689181274
HYDERABAD_KOLKATA,27,HYDERABAD,KOLKATA,1175993,0.7103908301239303,37.9141455193052
KOCHI_MUMBAI,28,KOCHI,MUMBAI,1170857,0.7072882884391444,38.621433807744346
BENGALURU_DABOLIM,29,BENGALURU,DABOLIM,1163301,0.7027238793717295,39.32415768711608
BHUBANESWAR_DELHI,30,BHUBANESWAR,DELHI,1120064,0.67660538349457,40.00076307061065
GUWAHATI_KOLKATA,31,GUWAHATI,KOLKATA,1105406,0.6677508165133409,40.66851388712399
CHENNAI_KOLKATA,32,CHENNAI,KOLKATA,1048548,0.6334041819507318,41.30191806907472
BAGDOGRA_DELHI,33,BAGDOGRA,DELHI,1015870,0.6136641396657949,41.91558220874052
DELHI_KOCHI,34,DELHI,KOCHI,1007567,0.6086484847575437,42.52423069349806
DELHI_GOA,35,DELHI,Goa,1005576,0.6074457665927445,43.13167646009081
GOA_MUMBAI,36,Goa,MUMBAI,980851,0.5925099521152652,43.72418641220607
AHMEDABAD_BENGALURU,37,AHMEDABAD,BENGALURU,980653,0.5923903447839594,44.31657675699003
CHANDIGARH_DELHI,38,CHANDIGARH,DELHI,953298,0.5758658066633752,44.892442563653404
LUCKNOW_MUMBAI,39,LUCKNOW,MUMBAI,949271,0.573433186849389,45.465875750502796
DELHI_RANCHI,40,DELHI,RANCHI,943367,0.5698667136977191,46.03574246420051
DELHI_INDORE,41,DELHI,INDORE,924366,0.5583886384343589,46.594131102634876
HYDERABAD_VISAKHAPATNAM,42,HYDERABAD,VISAKHAPATNAM,923753,0.558018338969255,47.15214944160413
CHENNAI_COIMBATORE,43,CHENNAI,COIMBATORE,920697,0.5561722783406128,47.70832171994474
DABOLIM_HYDERABAD,44,DABOLIM,HYDERABAD,901316,0.5444646536535339,48.25278637359827
BENGALURU_VARANASI,45,BENGALURU,VARANASI,882200,0.5329171094856273,48.7857034830839
DELHI_LEH,46,DELHI,LEH,876728,0.5296115977840796,49.315315080867975
DELHI_VARANASI,47,DELHI,VARANASI,855998,0.5170890726427999,49.83240415351078
BENGALURU_TRIVANDRUM,48,BENGALURU,TRIVANDRUM,822202,0.4966736717901856,50.32907782530096
MUMBAI_VARANASI,49,MUMBAI,VARANASI,821064,0.49598623167389155,50.82506405697485
BENGALURU_BHUBANESWAR,50,BENGALURU,BHUBANESWAR,810771,0.48976846267827195,51.31483251965313
DELHI_RAIPUR,51,DELHI,RAIPUR,778027,0.4699885512828998,51.784821070936026
BENGALURU_GUWAHATI,52,BENGALURU,GUWAHATI,771957,0.4663218012777108,52.25114287221374
AGARTALA_KOLKATA,53,AGARTALA,KOLKATA,762840,0.46081442734075717,52.7119572995545
BENGALURU_LUCKNOW,54,BENGALURU,LUCKNOW,743982,0.44942273515000675,53.16138003470451
COIMBATORE_MUMBAI,55,COIMBATORE,MUMBAI,734677,0.44380179465605557,53.60518182936056
BENGALURU_JAIPUR,56,BENGALURU,JAIPUR,734649,0.4437848804879921,54.04896670984856
INDORE_MUMBAI,57,INDORE,MUMBAI,724815,0.43784438303312745,54.48681109288168
HYDERABAD_TIRUPATI,58,HYDERABAD,TIRUPATI,724554,0.4376867188236786,54.924497811705365
HYDERABAD_KOCHI,59,HYDERABAD,KOCHI,719748,0.4347835226910693,55.359281334396435
BENGALURU_MANGALORE,60,BENGALURU,MANGALORE,705754,0.42633006312391686,55.78561139752035
CHENNAI_PUNE,61,CHENNAI,PUNE,702010,0.42406839722285794,56.20967979474321
MUMBAI_NAGPUR,62,MUMBAI,NAGPUR,690854,0.41732930940442486,56.62700910414763
DELHI_JAMMU,63,DELHI,JAMMU,680805,0.41125893530192986,57.038268039449555
CHANDIGARH_MUMBAI,64,CHANDIGARH,MUMBAI,680092,0.41082822809374203,57.4490962675433
CHENNAI_KOCHI,65,CHENNAI,KOCHI,673846,0.40705516046072554,57.85615142800402
DELHI_NAGPUR,66,DELHI,NAGPUR,669474,0.4044141339331001,58.26056556193711
AHMEDABAD_PUNE,67,AHMEDABAD,PUNE,644110,0.38909231397731514,58.64965787591443
MANGALORE_MUMBAI,68,MANGALORE,MUMBAI,630537,0.3808931710085457,59.03055104692297
BAGDOGRA_KOLKATA,69,BAGDOGRA,KOLKATA,625900,0.37809206396174805,59.40864311088472
BAGDOGRA_BENGALURU,70,BAGDOGRA,BENGALURU,625685,0.37796218731411785,59.786605298198836
DELHI_SURAT,71,DELHI,SURAT,625381,0.37777854777514297,60.16438384597398
HYDERABAD_PUNE,72,HYDERABAD,PUNE,620603,0.37489226581059715,60.53927611178458
BHOPAL_DELHI,73,BHOPAL,DELHI,614756,0.37136022507248506,60.91063633685706
DELHI_UDAIPUR,74,DELHI,UDAIPUR,604166,0.3649630450799065,61.27559938193696
DELHI_JAIPUR,75,DELHI,JAIPUR,598337,0.36144187773554953,61.63704125967251
BHUBANESWAR_MUMBAI,76,BHUBANESWAR,MUMBAI,583685,0.35259093521890544,61.98963219489142
DEHRADUN_DELHI,77,DehraDun,DELHI,581928,0.3515295711729224,62.341161766064346
BHUBANESWAR_KOLKATA,78,BHUBANESWAR,KOLKATA,576078,0.34799571820251785,62.689157484266865
HYDERABAD_JAIPUR,79,HYDERABAD,JAIPUR,566528,0.3422267787380112,63.031384263004874
BENGALURU_PATNA,80,BENGALURU,PATNA,563343,0.34030279212079095,63.37168705512567
DELHI_VADODARA,81,DELHI,VADODARA,558198,0.3371948137391274,63.7088818688648
MUMBAI_RAJKOT INTERNATIONAL AIRPORT,82,MUMBAI,Rajkot International Airport,554015,0.33466795784593045,64.04354982671073
MUMBAI_UDAIPUR,83,MUMBAI,UDAIPUR,550234,0.3323839410799305,64.37593376779066
KOLKATA_PORT BLAIR,84,KOLKATA,PORT BLAIR,545424,0.32947832863759785,64.70541209642826
HYDERABAD_VARANASI,85,HYDERABAD,VARANASI,542587,0.3277645609663093,65.03317665739456
BENGALURU_GOA,86,BENGALURU,Goa,535666,0.32358374106747684,65.35676039846204
CHENNAI_PORT BLAIR,87,CHENNAI,PORT BLAIR,528424,0.3192090123133452,65.6759694107754
BENGALURU_VISAKHAPATNAM,88,BENGALURU,VISAKHAPATNAM,521945,0.3152951946389433,65.99126460541433
GUWAHATI_IMPHAL,89,GUWAHATI,IMPHAL,518916,0.3134654441009338,66.30473004951527
JAIPUR_KOLKATA,90,JAIPUR,KOLKATA,516730,0.3121449308371211,66.61687498035239
JAMMU_SRINAGAR,91,JAMMU,SRINAGAR,516458,0.311980621775933,66.92885560212832
DELHI_VISAKHAPATNAM,92,DELHI,VISAKHAPATNAM,511843,0.3091928044326139,67.23804840656094
AHMEDABAD_HYDERABAD,93,AHMEDABAD,HYDERABAD,505243,0.3052058933890805,67.54325429995002
HYDERABAD_LUCKNOW,94,HYDERABAD,LUCKNOW,483808,0.2922574936590596,67.83551179360909
BENGALURU_CHANDIGARH,95,BENGALURU,CHANDIGARH,479697,0.289774131340883,68.12528592494996
BHUBANESWAR_HYDERABAD,96,BHUBANESWAR,HYDERABAD,475258,0.2870926316253914,68.41237855657536
GOA_HYDERABAD,97,Goa,HYDERABAD,470506,0.28422205567404735,68.6966006122494
BENGALURU_RANCHI,98,BENGALURU,RANCHI,462545,0.2794129952471429,68.97601360749654
DELHI_TRIVANDRUM,99,DELHI,TRIVANDRUM,461485,0.27877267317045423,69.254786280667
KOLKATA_PUNE,100,KOLKATA,PUNE,458720,0.2771023990741861,69.53188867974119
AHMEDABAD_CHENNAI,101,AHMEDABAD,CHENNAI,453279,0.2738156137729944,69.80570429351418
MUMBAI_TRIVANDRUM,102,MUMBAI,TRIVANDRUM,427323,0.2581361799781532,70.06384047349233
AHMEDABAD_KOLKATA,103,AHMEDABAD,KOLKATA,425449,0.257004138872762,70.3208446123651
COIMBATORE_DELHI,104,COIMBATORE,DELHI,424697,0.2565498726447716,70.57739448500988
CHENNAI_MADURAI,105,CHENNAI,MADURAI,423932,0.2560877534101802,70.83348223842006
MUMBAI_SRINAGAR,106,MUMBAI,SRINAGAR,414665,0.25048976785860083,71.08397200627866
DELHI_AYODHYA INTERNATIONAL AIRPORT,107,DELHI,Ayodhya International Airport,397384,0.24005070577628262,71.32402271205494
BENGALURU_NAGPUR,108,BENGALURU,NAGPUR,394399,0.23824753464523002,71.56227024670017
IMPHAL_KOLKATA,109,IMPHAL,KOLKATA,392167,0.23689923381959876,71.79916948051977
COIMBATORE_HYDERABAD,110,COIMBATORE,HYDERABAD,391155,0.23628790745959027,72.03545738797935
HYDERABAD_INDORE,111,HYDERABAD,INDORE,390639,0.23597620350527768,72.27143359148462
BENGALURU_INDORE,112,BENGALURU,INDORE,388271,0.23454574814905238,72.50597933963367
GUWAHATI_MUMBAI,113,GUWAHATI,MUMBAI,385008,0.2325746434922267,72.7385539831259
AHMEDABAD_DABOLIM,114,AHMEDABAD,DABOLIM,376670,0.22753784587389625,72.9660918289998
HYDERABAD_VIJAYAWADA,115,HYDERABAD,VIJAYAWADA,373872,0.2258476372224104,73.1919394662222
BENGALURU_COIMBATORE,116,BENGALURU,COIMBATORE,371123,0.22418702836503568,73.41612649458723
DELHI_GORAKHPUR,117,DELHI,GORAKHPUR,371000,0.22411272684104258,73.64023922142827
CHENNAI_TRIVANDRUM,118,CHENNAI,TRIVANDRUM,370292,0.223685040020009,73.86392426144828
MUMBAI_RAIPUR,119,MUMBAI,RAIPUR,370171,0.22361194665087752,74.08753620809915
MUMBAI_PATNA,120,MUMBAI,PATNA,368143,0.2223868776211373,74.3099230857203
HYDERABAD_TRIVANDRUM,121,HYDERABAD,TRIVANDRUM,358059,0.21629536080856296,74.52621844652886
BHOPAL_MUMBAI,122,BHOPAL,MUMBAI,350421,0.21168141739181934,74.73789986392067
HYDERABAD_PATNA,123,HYDERABAD,PATNA,341579,0.2063401647483463,74.94424002866901
CHENNAI_GUWAHATI,124,CHENNAI,GUWAHATI,341217,0.20612148871838282,75.1503615173874
MUMBAI_VADODARA,125,MUMBAI,VADODARA,337483,0.20386586359163228,75.35422738097904
KOLKATA_PATNA,126,KOLKATA,PATNA,326610,0.19729772968612647,75.55152511066517
NAGPUR_PUNE,127,NAGPUR,PUNE,323902,0.19566188800341608,75.74718699866858
KOLKATA_SILCHAR,128,KOLKATA,SILCHAR,315387,0.1905181686798272,75.93770516734841
PRAYAGRAJ_DELHI,129,PRAYAGRAJ,DELHI,312791,0.18894998366937074,76.12665515101779
BAGDOGRA_MUMBAI,130,BAGDOGRA,MUMBAI,311518,0.18818099309991346,76.3148361441177
PRAYAGRAJ_MUMBAI,131,PRAYAGRAJ,MUMBAI,307693,0.18587039692695662,76.50070654104466
AHMEDABAD_LUCKNOW,132,AHMEDABAD,LUCKNOW,306838,0.1853539107235898,76.68606045176824
BAGDOGRA_HYDERABAD,133,BAGDOGRA,HYDERABAD,305103,0.1843058363810852,76.87036628814933
BENGALURU_VIJAYAWADA,134,BENGALURU,VIJAYAWADA,300479,0.1815125823408885,77.05187887049021
AGARTALA_GUWAHATI,135,AGARTALA,GUWAHATI,297196,0.17952939613544605,77.23140826662566
AMRITSAR_MUMBAI,136,AMRITSAR,MUMBAI,294679,0.17800893324202582,77.40941719986769
JODHPUR_MUMBAI,137,JODHPUR,MUMBAI,291077,0.17583304633614594,77.58525024620384
AHMEDABAD_GOA,138,AHMEDABAD,Goa,290130,0.17526098500914197,77.76051123121299
HYDERABAD_RAJAHMUNDRY,139,HYDERABAD,RAJAHMUNDRY,286761,0.17322584814464745,77.93373707935763
JAIPUR_PUNE,140,JAIPUR,PUNE,284415,0.1718086824919006,78.10554576184953
CHENNAI_VISAKHAPATNAM,141,CHENNAI,VISAKHAPATNAM,282652,0.17074369398133252,78.27628945583086
DELHI_JODHPUR,142,DELHI,JODHPUR,280270,0.16930478154107545,78.44559423737194
GOA_PUNE,143,Goa,PUNE,280087,0.16919423537123204,78.61478847274317
BENGALURU_SURAT,144,BENGALURU,SURAT,276850,0.16723883672760817,78.78202730947078
DEHRADUN_MUMBAI,145,DehraDun,MUMBAI,275600,0.16648373993906018,78.94851104940984
AURANGABAD_DELHI,146,AURANGABAD,DELHI,274295,0.16569541889181608,79.11420646830166
KOLKATA_VARANASI,147,KOLKATA,VARANASI,274076,0.16556312593446249,79.27976959423613
HYDERABAD_RANCHI,148,HYDERABAD,RANCHI,272706,0.16473553985421388,79.44450513409033
GUWAHATI_HYDERABAD,149,GUWAHATI,HYDERABAD,269327,0.16269436221541098,79.60719949630575
KOLKATA_RAIPUR,150,KOLKATA,RAIPUR,268517,0.16220505949643188,79.76940455580218
CHENNAI_TIRUCHIRAPALLY,151,CHENNAI,TIRUCHIRAPALLY,267825,0.16178703791429172,79.93119159371648
DELHI_VIJAYAWADA,152,DELHI,VIJAYAWADA,265736,0.16052512016127032,80.09171671387774
